pagination_type,page_number,offset_value,requested_limit,items_returned,ids_extracted,items_skipped_no_id,first_id,last_id,time_ms,http_status,any_duplicates_with_previous_page,duplicate_ids_sample,api_total_field,request_url
page,1,,15,15,15,0,130572,130515,5054,200,false,,1812,https://app.moobiz.pe/api/admin/drivers?limit=15&page=1
page,2,,15,15,15,0,130512,130347,5367,200,false,,1812,https://app.moobiz.pe/api/admin/drivers?limit=15&page=2
page,3,,15,15,15,0,130346,130295,4537,200,false,,1812,https://app.moobiz.pe/api/admin/drivers?limit=15&page=3
page,4,,15,15,15,0,130292,130111,6538,200,false,,1812,https://app.moobiz.pe/api/admin/drivers?limit=15&page=4
page,5,,15,15,15,0,130106,128346,6742,200,false,,1812,https://app.moobiz.pe/api/admin/drivers?limit=15&page=5
page,6,,15,15,15,0,128345,128256,4493,200,false,,1812,https://app.moobiz.pe/api/admin/drivers?limit=15&page=6
page,7,,15,15,15,0,128255,128175,4910,200,false,,1812,https://app.moobiz.pe/api/admin/drivers?limit=15&page=7
page,8,,15,15,15,0,128160,128094,4637,200,false,,1812,https://app.moobiz.pe/api/admin/drivers?limit=15&page=8
page,9,,15,15,15,0,128071,127789,4803,200,false,,1812,https://app.moobiz.pe/api/admin/drivers?limit=15&page=9
page,10,,15,15,15,0,127778,127708,4476,200,false,,1812,https://app.moobiz.pe/api/admin/drivers?limit=15&page=10
page,11,,15,15,15,0,127305,127239,5326,200,false,,1812,https://app.moobiz.pe/api/admin/drivers?limit=15&page=11
page,12,,15,15,15,0,127236,127170,4996,200,false,,1812,https://app.moobiz.pe/api/admin/drivers?limit=15&page=12
page,13,,15,15,15,0,127168,127066,7496,200,false,,1812,https://app.moobiz.pe/api/admin/drivers?limit=15&page=13
page,14,,15,15,15,0,127064,126724,4929,200,false,,1812,https://app.moobiz.pe/api/admin/drivers?limit=15&page=14
page,15,,15,15,15,0,126723,126501,4795,200,false,,1812,https://app.moobiz.pe/api/admin/drivers?limit=15&page=15
page,16,,15,15,15,0,126499,126436,4582,200,false,,1812,https://app.moobiz.pe/api/admin/drivers?limit=15&page=16
page,17,,15,15,15,0,126434,126327,4617,200,false,,1812,https://app.moobiz.pe/api/admin/drivers?limit=15&page=17
page,18,,15,15,15,0,126325,125602,5367,200,false,,1812,https://app.moobiz.pe/api/admin/drivers?limit=15&page=18
page,19,,15,15,15,0,125598,125539,6089,200,false,,1812,https://app.moobiz.pe/api/admin/drivers?limit=15&page=19
page,20,,15,15,15,0,125537,125434,6736,200,false,,1812,https://app.moobiz.pe/api/admin/drivers?limit=15&page=20
page,21,,15,15,15,0,125432,125279,6052,200,false,,1812,https://app.moobiz.pe/api/admin/drivers?limit=15&page=21
page,22,,15,15,15,0,125274,125143,5087,200,false,,1812,https://app.moobiz.pe/api/admin/drivers?limit=15&page=22
page,23,,15,15,15,0,125136,124877,4602,200,false,,1812,https://app.moobiz.pe/api/admin/drivers?limit=15&page=23
page,24,,15,15,15,0,124876,124797,5731,200,false,,1812,https://app.moobiz.pe/api/admin/drivers?limit=15&page=24
page,25,,15,15,15,0,124795,124696,4954,200,false,,1812,https://app.moobiz.pe/api/admin/drivers?limit=15&page=25
page,26,,15,15,15,0,124695,124578,4676,200,false,,1812,https://app.moobiz.pe/api/admin/drivers?limit=15&page=26
page,27,,15,15,15,0,124521,124302,4559,200,false,,1812,https://app.moobiz.pe/api/admin/drivers?limit=15&page=27
page,28,,15,15,15,0,124300,124220,4728,200,false,,1812,https://app.moobiz.pe/api/admin/drivers?limit=15&page=28
page,29,,15,15,15,0,124218,124067,4701,200,false,,1812,https://app.moobiz.pe/api/admin/drivers?limit=15&page=29
page,30,,15,15,15,0,124065,123871,4591,200,false,,1812,https://app.moobiz.pe/api/admin/drivers?limit=15&page=30
page,31,,15,15,15,0,123870,123823,4472,200,false,,1812,https://app.moobiz.pe/api/admin/drivers?limit=15&page=31
page,32,,15,15,15,0,123822,123763,4531,200,false,,1812,https://app.moobiz.pe/api/admin/drivers?limit=15&page=32
page,33,,15,15,15,0,123762,123679,4617,200,false,,1812,https://app.moobiz.pe/api/admin/drivers?limit=15&page=33
page,34,,15,15,15,0,123676,123609,5384,200,false,,1812,https://app.moobiz.pe/api/admin/drivers?limit=15&page=34
page,35,,15,15,15,0,123601,123523,4387,200,false,,1812,https://app.moobiz.pe/api/admin/drivers?limit=15&page=35
page,36,,15,15,15,0,123506,123464,3927,200,false,,1812,https://app.moobiz.pe/api/admin/drivers?limit=15&page=36
page,37,,15,15,15,0,123461,123402,5232,200,false,,1812,https://app.moobiz.pe/api/admin/drivers?limit=15&page=37
page,38,,15,15,15,0,123401,123334,4137,200,false,,1812,https://app.moobiz.pe/api/admin/drivers?limit=15&page=38
page,39,,15,15,15,0,123333,123236,4056,200,false,,1812,https://app.moobiz.pe/api/admin/drivers?limit=15&page=39
page,40,,15,15,15,0,123221,123159,3854,200,false,,1812,https://app.moobiz.pe/api/admin/drivers?limit=15&page=40
page,41,,15,15,15,0,123157,123077,3811,200,false,,1812,https://app.moobiz.pe/api/admin/drivers?limit=15&page=41
page,42,,15,15,15,0,123069,123008,3832,200,false,,1812,https://app.moobiz.pe/api/admin/drivers?limit=15&page=42
page,43,,15,15,15,0,123006,122848,3840,200,false,,1812,https://app.moobiz.pe/api/admin/drivers?limit=15&page=43
page,44,,15,15,15,0,122845,122783,4227,200,false,,1812,https://app.moobiz.pe/api/admin/drivers?limit=15&page=44
page,45,,15,15,15,0,122781,122568,3992,200,false,,1812,https://app.moobiz.pe/api/admin/drivers?limit=15&page=45
page,46,,15,15,15,0,122565,122530,3878,200,false,,1812,https://app.moobiz.pe/api/admin/drivers?limit=15&page=46
page,47,,15,15,15,0,122529,122281,3901,200,false,,1812,https://app.moobiz.pe/api/admin/drivers?limit=15&page=47
page,48,,15,15,15,0,122279,122195,3996,200,false,,1812,https://app.moobiz.pe/api/admin/drivers?limit=15&page=48
page,49,,15,15,15,0,122193,122140,3798,200,false,,1812,https://app.moobiz.pe/api/admin/drivers?limit=15&page=49
page,50,,15,15,15,0,122117,122070,4104,200,false,,1812,https://app.moobiz.pe/api/admin/drivers?limit=15&page=50
page,51,,15,15,15,0,122069,121984,3862,200,false,,1812,https://app.moobiz.pe/api/admin/drivers?limit=15&page=51
page,52,,15,15,15,0,121980,121922,4400,200,false,,1812,https://app.moobiz.pe/api/admin/drivers?limit=15&page=52
page,53,,15,15,15,0,121921,121878,3885,200,false,,1812,https://app.moobiz.pe/api/admin/drivers?limit=15&page=53
page,54,,15,15,15,0,121877,121841,3787,200,false,,1812,https://app.moobiz.pe/api/admin/drivers?limit=15&page=54
page,55,,15,15,15,0,121839,121788,3822,200,false,,1812,https://app.moobiz.pe/api/admin/drivers?limit=15&page=55
page,56,,15,15,15,0,121786,121726,3861,200,false,,1812,https://app.moobiz.pe/api/admin/drivers?limit=15&page=56
page,57,,15,15,15,0,121725,121602,3725,200,false,,1812,https://app.moobiz.pe/api/admin/drivers?limit=15&page=57
page,58,,15,15,15,0,121600,121519,3883,200,false,,1812,https://app.moobiz.pe/api/admin/drivers?limit=15&page=58
page,59,,15,15,15,0,121502,121458,4856,200,false,,1812,https://app.moobiz.pe/api/admin/drivers?limit=15&page=59
page,60,,15,15,15,0,121456,121386,3820,200,false,,1812,https://app.moobiz.pe/api/admin/drivers?limit=15&page=60
page,61,,15,15,15,0,121385,120684,3748,200,false,,1812,https://app.moobiz.pe/api/admin/drivers?limit=15&page=61
page,62,,15,15,15,0,120678,120545,4846,200,false,,1812,https://app.moobiz.pe/api/admin/drivers?limit=15&page=62
page,63,,15,15,15,0,120544,120426,3946,200,false,,1812,https://app.moobiz.pe/api/admin/drivers?limit=15&page=63
page,64,,15,15,15,0,120425,120229,3765,200,false,,1812,https://app.moobiz.pe/api/admin/drivers?limit=15&page=64
page,65,,15,15,15,0,120227,120134,4041,200,false,,1812,https://app.moobiz.pe/api/admin/drivers?limit=15&page=65
page,66,,15,15,15,0,120129,119986,5080,200,false,,1812,https://app.moobiz.pe/api/admin/drivers?limit=15&page=66
page,67,,15,15,15,0,119985,119924,4386,200,false,,1812,https://app.moobiz.pe/api/admin/drivers?limit=15&page=67
page,68,,15,15,15,0,119922,119750,3832,200,false,,1812,https://app.moobiz.pe/api/admin/drivers?limit=15&page=68
page,69,,15,15,15,0,119749,119650,3861,200,false,,1812,https://app.moobiz.pe/api/admin/drivers?limit=15&page=69
page,70,,15,15,15,0,119647,119598,3739,200,false,,1812,https://app.moobiz.pe/api/admin/drivers?limit=15&page=70
page,71,,15,15,15,0,119597,119533,3942,200,false,,1812,https://app.moobiz.pe/api/admin/drivers?limit=15&page=71
page,72,,15,15,15,0,119513,119447,3904,200,false,,1812,https://app.moobiz.pe/api/admin/drivers?limit=15&page=72
page,73,,15,15,15,0,119438,119308,4519,200,false,,1812,https://app.moobiz.pe/api/admin/drivers?limit=15&page=73
page,74,,15,15,15,0,119303,119103,3860,200,false,,1812,https://app.moobiz.pe/api/admin/drivers?limit=15&page=74
page,75,,15,15,15,0,119093,118684,3852,200,false,,1812,https://app.moobiz.pe/api/admin/drivers?limit=15&page=75
page,76,,15,15,15,0,118678,116162,3728,200,false,,1812,https://app.moobiz.pe/api/admin/drivers?limit=15&page=76
page,77,,15,15,15,0,116161,113802,3764,200,false,,1812,https://app.moobiz.pe/api/admin/drivers?limit=15&page=77
page,78,,15,15,15,0,113800,113728,4008,200,false,,1812,https://app.moobiz.pe/api/admin/drivers?limit=15&page=78
page,79,,15,15,15,0,113705,113585,3951,200,false,,1812,https://app.moobiz.pe/api/admin/drivers?limit=15&page=79
page,80,,15,15,15,0,113581,113467,3978,200,false,,1812,https://app.moobiz.pe/api/admin/drivers?limit=15&page=80
page,81,,15,15,15,0,113430,113352,4985,200,false,,1812,https://app.moobiz.pe/api/admin/drivers?limit=15&page=81
page,82,,15,15,15,0,113351,113123,5262,200,false,,1812,https://app.moobiz.pe/api/admin/drivers?limit=15&page=82
page,83,,15,15,15,0,113122,112913,4012,200,false,,1812,https://app.moobiz.pe/api/admin/drivers?limit=15&page=83
page,84,,15,15,15,0,112907,112782,4545,200,false,,1812,https://app.moobiz.pe/api/admin/drivers?limit=15&page=84
page,85,,15,15,15,0,112768,112514,3820,200,false,,1812,https://app.moobiz.pe/api/admin/drivers?limit=15&page=85
page,86,,15,15,15,0,112512,112098,3817,200,false,,1812,https://app.moobiz.pe/api/admin/drivers?limit=15&page=86
page,87,,15,15,15,0,112095,111713,3883,200,false,,1812,https://app.moobiz.pe/api/admin/drivers?limit=15&page=87
page,88,,15,15,15,0,111671,111583,4443,200,false,,1812,https://app.moobiz.pe/api/admin/drivers?limit=15&page=88
page,89,,15,15,15,0,111582,111400,3718,200,false,,1812,https://app.moobiz.pe/api/admin/drivers?limit=15&page=89
page,90,,15,15,15,0,111393,111186,3772,200,false,,1812,https://app.moobiz.pe/api/admin/drivers?limit=15&page=90
page,91,,15,15,15,0,111181,111013,4178,200,false,,1812,https://app.moobiz.pe/api/admin/drivers?limit=15&page=91
page,92,,15,15,15,0,110987,110840,4994,200,false,,1812,https://app.moobiz.pe/api/admin/drivers?limit=15&page=92
page,93,,15,15,15,0,110803,110531,4345,200,false,,1812,https://app.moobiz.pe/api/admin/drivers?limit=15&page=93
page,94,,15,15,15,0,110530,110317,3875,200,false,,1812,https://app.moobiz.pe/api/admin/drivers?limit=15&page=94
page,95,,15,15,15,0,110301,110087,5377,200,false,,1812,https://app.moobiz.pe/api/admin/drivers?limit=15&page=95
page,96,,15,15,15,0,110086,109610,6178,200,false,,1812,https://app.moobiz.pe/api/admin/drivers?limit=15&page=96
page,97,,15,15,15,0,109605,109307,4568,200,false,,1812,https://app.moobiz.pe/api/admin/drivers?limit=15&page=97
page,98,,15,15,15,0,109291,108286,7108,200,false,,1812,https://app.moobiz.pe/api/admin/drivers?limit=15&page=98
page,99,,15,15,15,0,108282,108115,5769,200,false,,1812,https://app.moobiz.pe/api/admin/drivers?limit=15&page=99
page,100,,15,15,15,0,108107,107903,7022,200,false,,1812,https://app.moobiz.pe/api/admin/drivers?limit=15&page=100
page,101,,15,15,15,0,107899,107652,3893,200,false,,1812,https://app.moobiz.pe/api/admin/drivers?limit=15&page=101
page,102,,15,15,15,0,107640,107419,9266,200,false,,1812,https://app.moobiz.pe/api/admin/drivers?limit=15&page=102
page,103,,15,15,15,0,107411,107172,3992,200,false,,1812,https://app.moobiz.pe/api/admin/drivers?limit=15&page=103
page,104,,15,15,15,0,107171,107085,3866,200,false,,1812,https://app.moobiz.pe/api/admin/drivers?limit=15&page=104
page,105,,15,15,15,0,107039,106895,3996,200,false,,1812,https://app.moobiz.pe/api/admin/drivers?limit=15&page=105
page,106,,15,15,15,0,106888,106588,4800,200,false,,1812,https://app.moobiz.pe/api/admin/drivers?limit=15&page=106
page,107,,15,15,15,0,106572,106421,5402,200,false,,1812,https://app.moobiz.pe/api/admin/drivers?limit=15&page=107
page,108,,15,15,15,0,106383,106228,3797,200,false,,1812,https://app.moobiz.pe/api/admin/drivers?limit=15&page=108
page,109,,15,15,15,0,106224,105833,3882,200,false,,1812,https://app.moobiz.pe/api/admin/drivers?limit=15&page=109
page,110,,15,15,15,0,105823,105399,3855,200,false,,1812,https://app.moobiz.pe/api/admin/drivers?limit=15&page=110
page,111,,15,15,15,0,105388,105085,3810,200,false,,1812,https://app.moobiz.pe/api/admin/drivers?limit=15&page=111
page,112,,15,15,15,0,105084,104459,4502,200,false,,1812,https://app.moobiz.pe/api/admin/drivers?limit=15&page=112
page,113,,15,15,15,0,104414,103629,3905,200,false,,1812,https://app.moobiz.pe/api/admin/drivers?limit=15&page=113
page,114,,15,15,15,0,103623,101934,3968,200,false,,1812,https://app.moobiz.pe/api/admin/drivers?limit=15&page=114
page,115,,15,15,15,0,101927,100226,3983,200,false,,1812,https://app.moobiz.pe/api/admin/drivers?limit=15&page=115
page,116,,15,15,15,0,100166,97335,3842,200,false,,1812,https://app.moobiz.pe/api/admin/drivers?limit=15&page=116
page,117,,15,15,15,0,97318,96040,4183,200,false,,1812,https://app.moobiz.pe/api/admin/drivers?limit=15&page=117
page,118,,15,15,15,0,94007,85514,4546,200,false,,1812,https://app.moobiz.pe/api/admin/drivers?limit=15&page=118
page,119,,15,15,15,0,85360,83774,5806,200,false,,1812,https://app.moobiz.pe/api/admin/drivers?limit=15&page=119
page,120,,15,12,12,0,83648,83320,5377,200,false,,1812,https://app.moobiz.pe/api/admin/drivers?limit=15&page=120